dose,RR,lb,ub
0,1,1,1
0.049419419419419415,0.9979437667301922,0.9965089803366353,0.999380618947576
0.09883883883883883,0.9958918413911458,0.9930302825707583,0.998761646202644
0.14825825825825825,0.9938442944678088,0.9895639969550053,0.998143106141247
0.19767767767767766,0.9918011958098729,0.9861102120263034,0.9975250230789169
0.24709709709709707,0.9897626146352574,0.9826690146219235,0.9969074212709642
0.2965165165165165,0.987728619533638,0.9792404898955929,0.996290324912776
0.3459359359359359,0.9856992784700247,0.975824721333669,0.9956737581401176
0.3953553553553553,0.9836746587883851,0.9724217907713663,0.9950577450294402
0.44477477477477473,0.9816548272153127,0.9690317784090344,0.9944423095981939
0.49419419419419414,0.97963984986374,0.9656547628284855,0.9938274758051463
0.5436136136136136,0.9776297922366949,0.9622908210093647,0.9932132675507066
0.593033033033033,0.9756247192311003,0.9589400283455618,0.992599708677255
0.6424524524524524,0.9736246951416151,0.9556024586616609,0.991986822969478
0.6918718718718718,0.971629783664517,0.9522781842294242,0.9913746341547091
0.7412912912912912,0.9696400479016251,0.9489672757843067,0.9907631659032747
0.7907107107107106,0.9676555503642628,0.9456698025419995,0.9901524418288469
0.84013013013013,0.9656763529772592,0.9423858322149974,0.9895424854888003
0.8895495495495495,0.9637025170829885,0.9391154310291885,0.9889333203845759
0.9389689689689689,0.9617341034454469,0.9358586637404632,0.98832496996205
0.9883883883883883,0.9597711722543664,0.9326155936513384,0.9877174576119084
1.0378078078078077,0.957813783129364,0.9293862826275952,0.9871108066700284
1.0872272272272272,0.9558619951241265,0.9261707911149268,0.9865050404178635
1.1366466466466465,0.953915866730629,0.9229691781555945,0.9859001820828371
1.186066066066066,0.9519754558833886,0.9197815014050872,0.9852962548387398
1.2354854854854853,0.9500408199637493,0.9166078171487845,0.9846932818061337
1.2849049049049048,0.9481120158042009,0.913448180318619,0.9840912860527623
1.3343243243243241,0.9461890996927285,0.9103026445097354,0.9834902905939666
1.3837437437437436,0.9442721273771932,0.9071712619971447,0.982890318393107
1.433163163163163,0.9423611540697442,0.9040540837523703,0.9822913923619913
1.4825825825825825,0.9404562344512585,0.9009511594600844,0.9816935353613085
1.5320020020020018,0.9385574226758118,0.8978625375347319,0.98109677020107
1.5814214214214213,0.9366647723751765,0.8947882651371388,0.9805011196410546
1.6308408408408408,0.9347783366633484,0.8917283881911058,0.9799066063912619
1.68026026026026,0.9328981681410992,0.8886829513999807,0.9793132531123714
1.7296796796796796,0.931024318900557,0.885651998263211,0.9787210824162066
1.779099099099099,0.9291568405298127,0.8826355710928734,0.9781301168662072
1.8285185185185184,0.9272957841175503,0.8796337110301782,0.9775403789779064
1.8779379379379377,0.9254412002577042,0.876646458061946,0.9769518912194154
1.9273573573573572,0.9235931390541384,0.8736738510370569,0.9763646760119137
1.9767767767767765,0.9217516501253518,0.870715927682868,0.9757787557301462
2.026196196196196,0.9199167826092046,0.8677727246215988,0.9751941527029271
2.0756156156156154,0.9180885851676687,0.8648442773866831,0.9746108892136499
2.125035035035035,0.9162671059915993,0.8619306204390839,0.974028987500804
2.1744544544544544,0.9144523928055287,0.8590317871835722,0.973448469758499
2.2238738738738735,0.9126444928724803,0.8561478099849659,0.9728693581369939
2.273293293293293,0.9108434529988045,0.8532787201843287,0.9722916747432353
2.3227127127127125,0.9090493195390331,0.8504245481151275,0.9717154416414001
2.372132132132132,0.9072621384007545,0.847585323119345,0.9711406808534474
2.4215515515515516,0.9054819550495075,0.8447610735635496,0.9705674143596759
2.4709709709709706,0.9037088145136931,0.8419518268549178,0.969995664099288
2.52039039039039,0.9019427613895064,0.8391576094572096,0.9694254519709625
2.5698098098098097,0.9001838398458835,0.8363784469066962,0.9688567998334339
2.619229229229229,0.8984320936294687,0.8336143638280368,0.9682897295060773
2.6686486486486483,0.8966875660695959,0.8308653839501057,0.9677242627695029
2.7180680680680678,0.8949503000832884,0.8281315301217668,0.9671604213661565
2.7674874874874873,0.8932203381802735,0.8254128243275953,0.9665982270009279
2.816906906906907,0.8914977224680137,0.822709287703546,0.9660377013417665
2.866326326326326,0.889782494656753,0.8200209405525657,0.9654788660203043
2.9157457457457454,0.8880746960645769,0.8173478023601511,0.9649217426324871
2.965165165165165,0.8863743676224894,0.814689891809849,0.964366352739213
3.0145845845845844,0.8846815498795016,0.812047226798699,0.9638127178669789
3.0640040040040035,0.8829962830077358,0.8094198244526197,0.9632608595085342
3.113423423423423,0.8813186068075424,0.8068077011417334,0.9627107991235438
3.1628428428428426,0.8796485607126305,0.8042108724956328,0.9621625581392577
3.212262262262262,0.877986183795211,0.8016293534185872,0.9616161579511895
3.2616816816816816,0.8763315147711519,0.7990631581046872,0.961071619923803
3.3111011011011007,0.8746845920051468,0.7965123000529285,0.960528965391207
3.36052052052052,0.8730454535158946,0.7939767920822336,0.9599882156578587
3.4099399399399397,0.8714141369812912,0.7914566463464102,0.9594493919992751
3.4593593593593592,0.8697906797436328,0.788951874349048,0.9589125156627542
3.5087787787787783,0.8681751188148294,0.7864624869583511,0.9583776078681026
3.558198198198198,0.8665674908816313,0.783988494421907,0.9578446898083748
3.6076176176176173,0.8649678323108636,0.7815299063813912,0.9573137826506196
3.657037037037037,0.863376179154673,0.7790867318872082,0.9567849075366356
3.706456456456456,0.8617925671557849,0.7766589794130672,0.9562580855837362
3.7558758758758755,0.8602170317527688,0.7742466568704927,0.9557333378855242
3.805295295295295,0.8586496080853158,0.7718497716232706,0.9552106855126755
3.8547147147147145,0.8570903309995238,0.7694683305018296,0.9546901495137318
3.9041341341341336,0.8555392350531933,0.7671023398175552,0.9541717509159037
3.953553553553553,0.853996354521132,0.7647518053770406,0.9536555107258833
4.002972972972973,0.8524617234004686,0.762416732496271,0.9531414499306666
4.052392392392392,0.8509353754159755,0.7600971260147424,0.9526295894983864
4.101811811811811,0.8494173440254008,0.7577929903095149,0.9521199503791542
4.151231231231231,0.847907662424808,0.7555043293092009,0.9516125535059146
4.20065065065065,0.8464063635539248,0.7532311465078879,0.9511074197953078
4.25007007007007,0.8449134801015011,0.7509734449789961,0.950604570148544
4.299489489489489,0.8434290445106741,0.7487312273890698,0.9501040254522894
4.348908908908909,0.8419530889843418,0.746504496011506,0.9496058065795612
4.398328328328328,0.8404856454905456,0.7442932527402164,0.9491099343906351
4.447747747747747,0.8390267457678602,0.7420974991032255,0.9486164297339642
4.4971671671671665,0.8375764213307914,0.7399172362762052,0.9481253134471085
4.546586586586586,0.8361347034751824,0.737752465095944,0.9476366063576772
4.5960060060060055,0.8347016232836281,0.7356031860737549,0.9471503292842819
4.645425425425425,0.8332772116308962,0.7334693994088164,0.9466665030375023
4.6948448448448445,0.8318614991893573,0.7313511050014553,0.9461851484208642
4.744264264264264,0.8304545164344225,0.7292483024663629,0.9457062862318301
4.793683683683684,0.8290562936499882,0.7271609911457514,0.945229937262802
4.843103103103103,0.8276668609338902,0.7250891701224484,0.9447561223021379
4.892522522522522,0.8262862482033635,0.7230328382329301,0.9442848621351801
4.941941941941941,0.8249144852005117,0.7209919940802936,0.9438161775452987
4.991361361361361,0.8235516014977841,0.71896663604717,0.9433500893149471
5.04078078078078,0.8221976265034593,0.7169567623085779,0.942886618226732
5.0902002002002,0.8208525894671386,0.7149623708447168,0.9424257850644977
5.139619619619619,0.8195165194852463,0.7129834594537043,0.9419676106144241
5.189039039039039,0.8181894455065383,0.7110200257642545,0.9415121156661398
5.238458458458458,0.8168713963376188,0.7090720672482987,0.9410593210138504
5.287877877877877,0.8155624006484663,0.7071395812335521,0.9406092474574806
5.3372972972972965,0.8142624869779657,0.7052225649160229,0.9401619158038339
5.386716716716716,0.812971683739451,0.7033210153724675,0.9397173468677652
5.4361361361361356,0.8116900192262559,0.7014349295727916,0.939275561473373
5.485555555555555,0.8104175216172725,0.6995643043923981,0.9388365804552039
5.534974974974975,0.80915421898252,0.6977091366244824,0.9384004246594778
5.584394394394394,0.8079001392887206,0.6958694229922757,0.9379671149453269
5.633813813813814,0.8066553104048868,0.6940451601612385,0.9375366721860539
5.683233233233233,0.8054197601079162,0.6922363447512032,0.937109117270407
5.732652652652652,0.8041935160881962,0.690442973348468,0.936684471103874
5.782072072072071,0.8029766059552195,0.6886650425178431,0.9362627546099931
5.831491491491491,0.801769057243207,0.6869025488146485,0.9358439887316841
5.88091091091091,0.8005708974167443,0.6851554887966674,0.9354281944325986
5.93033033033033,0.7993821538764241,0.6834238590360521,0.9350153926984889
5.979749749749749,0.7982028539645032,0.681707656131187,0.9346056045385971
6.029169169169169,0.7970330249705679,0.6800068767185083,0.9341988509870661
6.078588588588588,0.7958726941372105,0.6783215174842804,0.9337951531043696
6.128008008008007,0.794721888665718,0.6766515751763319,0.9333945319787642
6.177427427427427,0.7935806357217713,0.6749970466157509,0.9329970087277639
6.226846846846846,0.7924489624411566,0.6733579287085412,0.932602604499636
6.276266266266266,0.7913268959354892,0.6717342184572404,0.9322113404749196
6.325685685685685,0.7902144632979488,0.6701259129725013,0.9318232378679692
6.375105105105105,0.7891116916090277,0.6685330094846371,0.9314383179285193
6.424524524524524,0.7880186079422928,0.6669555053551313,0.9310566019432762
6.473943943943944,0.7869352393701596,0.665393398088115,0.9306781112375324
6.523363363363363,0.7858616129696804,0.6638466853418116,0.9303028671768082
6.572782782782782,0.7847977558283464,0.662315364939949,0.9299308911685178
6.622202202202201,0.7837436950499046,0.6607994348831433,0.9295622046636639
6.671621621621621,0.7826994577601882,0.6592988933602522,0.9291968291585581
6.72104104104104,0.781665071112963,0.6578137387597017,0.9288347861965696
6.77046046046046,0.7806405622957892,0.6563439696807857,0.9284760973699031
6.819879879879879,0.7796259585358981,0.6548895849449404,0.9281207843214057
6.869299299299299,0.7786212871060864,0.653450583606995,0.9277688687464031
6.9187187187187185,0.777626575330626,0.652026964966399,0.9274203723945679
6.968138138138137,0.7766418404837001,0.6506187143004685,0.927075313286104
7.017557557557557,0.7756670406203489,0.6492257335434671,0.9267336872506264
7.066976976976976,0.7747021126293037,0.6478478953333118,0.9263954820807557
7.116396396396396,0.7737469938856496,0.6464850736468646,0.926060685623972
7.165815815815815,0.7728016222764374,0.6451371438260572,0.9257292857937157
7.215235235235235,0.7718659361951113,0.6438039825600745,0.9254012705688143
7.264654654654654,0.7709398745359932,0.6424854678677716,0.925076627992922
7.314074074074074,0.7700233766888257,0.6411814790803195,0.9247553461739734
7.363493493493493,0.7691163825333708,0.6398918968240791,0.9244374132836477
7.412912912912912,0.768218832434065,0.6386166030036965,0.9241228175568462
7.462332332332331,0.7673306672347282,0.6373554807854208,0.9238115472911794
7.511751751751751,0.7664518282533289,0.6361084145806367,0.9235035908464659
7.56117117117117,0.765582257276802,0.6348752900296134,0.9231989366442411
7.61059059059059,0.7647218965559188,0.6336559939854631,0.9228975731672752
7.6600100100100095,0.7638706888002124,0.6324504144983084,0.922599488959101
7.709429429429429,0.7630285771729511,0.6312584407996541,0.9223046726235512
7.7588488488488485,0.7621955052861664,0.6300799632869624,0.9220131128243028
7.808268268268267,0.7613714171957291,0.6289148735084263,0.9217247982844314
7.857687687687687,0.7605562573964763,0.62776306414794,0.9214397177859723
7.907107107107106,0.7597499708173879,0.6266244290102627,0.9211578601694894
7.956526526526526,0.7589525028168115,0.6254988630063738,0.920879214333652
8.005945945945946,0.7581637991777349,0.6243862621390155,0.920603769234818
8.055365365365365,0.7573838061031075,0.6232865234884214,0.9203315138866239
8.104784784784783,0.7566124702112069,0.6221995451982275,0.9200624373595817
8.154204204204204,0.755849738531053,0.6211252264615635,0.919796528780682
8.203623623623622,0.7550955584978678,0.6200634675073217,0.9195337773330025
8.253043043043043,0.7543498779485801,0.6190141695865997,0.9192741722553234
8.302462462462461,0.7536126451173751,0.6179772349593178,0.9190177028417471
8.351881881881882,0.7528838086312879,0.6169525668810035,0.9187643584413249
8.4013013013013,0.7521633175058411,0.6159400695897459,0.9185141284576873
8.45072072072072,0.7514511211407248,0.6149396482933129,0.9182670023486803
8.50014014014014,0.7507471693155199,0.613951209156433,0.9180229696260064
8.549559559559558,0.7500514121854632,0.6129746592882356,0.9177820198548701
8.598978978978979,0.7493638002772534,0.6120099067298501,0.9175441426536282
8.648398398398397,0.748684284484899,0.6110568604421608,0.9173093276934438
8.697817817817818,0.7480128160656067,0.6101154302937144,0.9170775646979461
8.747237237237236,0.7473493466357095,0.6091855270487792,0.9168488434428921
8.796656656656657,0.7466938281666338,0.6082670623555522,0.9166231537558335
8.846076076076075,0.7460462129809072,0.6073599487345145,0.916400485515788
8.895495495495494,0.7454064537482037,0.6064640995669304,0.9161808286529128
8.944914914914914,0.7447745034814269,0.6055794290834884,0.9159641731481829
8.994334334334333,0.7441503155328324,0.6047058523530838,0.9157505090330718
9.043753753753753,0.7435338435901855,0.6038432852717395,0.9155398263892363
9.093173173173172,0.7429250416729573,0.6029916445516618,0.9153321153482047
9.142592592592592,0.7423238641285564,0.6021508477104328,0.9151273660910669
9.192012012012011,0.7417302656285969,0.6013208130603332,0.9149255688481691
9.241431431431431,0.7411442011652014,0.6005014596977972,0.9147267138988097
9.29085085085085,0.7405656260473401,0.5996927074929952,0.9145307915709395
9.340270270270269,0.7399944958972031,0.5988944770795428,0.9143377922408639
9.389689689689689,0.7394307666466088,0.5981066898443363,0.9141477063329474
9.439109109109108,0.7388743945334445,0.5973292679175103,0.9139605243193215
9.488528528528528,0.7383253360981413,0.5965621341625159,0.9137762367195941
9.537947947947947,0.7377835481801828,0.5958052121663209,0.9135948341005621
9.587367367367367,0.7372489879146442,0.5950584262297248,0.9134163070759254
9.636786786786786,0.7367216127287665,0.5943217013577929,0.9132406463060038
9.686206206206206,0.7362013803385608,0.5935949632504033,0.9130678424974555
9.735625625625625,0.7356882487454444,0.5928781382929065,0.9128978864029982
9.785045045045043,0.7351821762329088,0.5921711535468974,0.9127307688211311
9.834464464464464,0.7346831213632181,0.5914739367410966,0.9125664805958602
9.883883883883883,0.7341910429741373,0.5907864162623394,0.9124050126164237
9.933303303303303,0.7337059001756918,0.5901085211466712,0.912246355817021
9.982722722722722,0.7332276523469562,0.5894401810705496,0.9120905011765413
10.032142142142142,0.7327562591328717,0.5887813263421472,0.9119374397182959
10.08156156156156,0.7322916804410939,0.5881318878927593,0.9117871625097497
10.13098098098098,0.7318338764388692,0.5874917972683107,0.9116396606622567
10.1804004004004,0.7313828075499378,0.5868609866209615,0.911494925330794
10.229819819819818,0.7309384344514677,0.5862393887008119,0.9113529477136999
10.279239239239239,0.7305007180710136,0.5856269368477024,0.9112137190524111
10.328658658658657,0.7300696195835055,0.5850235649831095,0.9110772306312018
10.378078078078078,0.7296451004082628,0.5844292076021346,0.9109434737769245
10.427497497497496,0.7292271222060365,0.5838437997655865,0.9108124398587505
10.476916916916917,0.7288156468760768,0.5832672770921536,0.9106841202879128
10.526336336336335,0.7284106365532277,0.5826995757506671,0.9105585065174486
10.575755755755754,0.7280120536050472,0.5821406324524517,0.9104355900419436
10.625175175175174,0.727619860628953,0.5815903844437648,0.9103153623972764
10.674594594594593,0.7272340204493939,0.581048769498321,0.9101978151603638
10.724014014014013,0.7268544961150459,0.5805157259099019,0.9100829399489069
10.773433433433432,0.7264812508960331,0.5799911924850498,0.9099707284211376
10.822852852852852,0.7261142482811734,0.5794751085358439,0.9098611722755657
10.872272272272271,0.7257534519752483,0.5789674138727577,0.9097542632507264
10.921691691691692,0.7253988258962958,0.5784680487975972,0.9096499931249274
10.97111111111111,0.7250503341729286,0.5779769540965184,0.9095483537159983
11.020530530530529,0.7247079411416745,0.577494071033123,0.9094493368810378
11.06994994994995,0.7243716113443397,0.5770193413416304,0.909352934516163
11.119369369369368,0.7240413095253965,0.5765527072201272,0.9092591385562575
11.168788788788788,0.723717000629392,0.576094111323891,0.9091679409747208
11.218208208208207,0.7233986497983804,0.5756434967587879,0.9090793337832161
11.267627627627627,0.7230862223693763,0.5752008070747442,0.9089933090314198
11.317047047047046,0.7227796838718309,0.5747659862592891,0.9089098588067691
11.366466466466466,0.7224790000251299,0.5743389787311689,0.908828975234211
11.415885885885885,0.7221841367361115,0.5739197293340319,0.9087506504759497
11.465305305305304,0.7218950600966073,0.5735081833301819,0.9086748767311944
11.514724724724724,0.7216117363810034,0.5731042863944003,0.908601646235907
11.564144144144143,0.7213341320438216,0.5727079846078356,0.9085309512625477
11.613563563563563,0.7210622137173219,0.57231922445196,0.908462784119822
11.662982982982982,0.7207959482091261,0.5719379528025909,0.9083971371524264
11.712402402402402,0.7205353024998592,0.571564116923978,0.9083340027407929
11.76182182182182,0.7202802437408126,0.571197664462954,0.9082733733008328
11.81124124124124,0.7200307392516265,0.5708385434431482,0.9082152412836808
11.86066066066066,0.7197867565179916,0.5704867022592643,0.9081595991754372
11.910080080080078,0.7195482631893694,0.5701420896714173,0.9081064394969087
11.959499499499499,0.7193152270767328,0.5698046547995326,0.9080557548033497
12.008918918918917,0.7190876161503248,0.5694743471178058,0.9080075376842011
12.058338338338338,0.7188653985374358,0.5691511164492205,0.9079617807628287
12.107757757757756,0.7186485425201995,0.5688349129601257,0.9079184766962601
12.157177177177177,0.7184370165334074,0.5685256871548702,0.9078776181749205
12.206596596596595,0.7182307891623405,0.5682233898704953,0.907839197922366
12.256016016016014,0.7180298291406197,0.5679279722714832,0.9078032086950178
12.305435435435434,0.7178341053480739,0.5676393858445611,0.9077696432818921
12.354854854854853,0.7176435868086246,0.567357582393561,0.9077384945043306
12.404274274274274,0.7174582426881894,0.5670825140343339,0.9077097552157279
12.453693693693692,0.7172780422926013,0.5668141331897169,0.9076834183012579
12.503113113113113,0.7171029550655456,0.5665523925845547,0.9076594766775977
12.552532532532531,0.7169329505865139,0.5662972452407736,0.9076379232926508
12.601951951951952,0.7167679985687742,0.5660486444725065,0.9076187511252665
12.65137137137137,0.7166080688573575,0.5658065438812694,0.9076019531849588
12.700790790790789,0.7164531314270612,0.5655708973511901,0.9075875225116228
12.75021021021021,0.7163031563804689,0.565341659044286,0.9075754521752477
12.799629629629628,0.7161581139459846,0.5651187833957908,0.907565735275629
12.849049049049048,0.7160179744758846,0.564902225109532,0.9075583649420778
12.898468468468467,0.7158827084443845,0.564691939153356,0.9075533343331271
12.947887887887887,0.7157522864457212,0.5644878807546009,0.9075506366362361
12.997307307307306,0.7156266791922514,0.5642900053956179,0.907550265067492
13.046726726726726,0.7155058575125638,0.5640982688093387,0.9075522128713078
13.096146146146145,0.7153897923496079,0.56391262697489,0.9075564733201192
13.145565565565564,0.7152784547588371,0.5637330361132533,0.9075630397140771
13.194984984984984,0.7151718159063666,0.5635594526829713,0.9075719053807375
13.244404404404403,0.7150698470671463,0.5633918333758989,0.907583063674749
13.293823823823823,0.7149725196231479,0.5632301351129981,0.9075965079775355
13.343243243243242,0.7148798050615663,0.563074315040178,0.9076122316969778
13.392662662662662,0.7147916749730364,0.5629243305241786,0.9076302282670897
13.44208208208208,0.7147081010498622,0.5627801391484971,0.9076504911476923
13.491501501501501,0.7146290550842616,0.5626416987093575,0.9076730138240837
13.54092092092092,0.7145545089666248,0.5625089672117236,0.9076977898067059
13.590340340340338,0.7144844346837851,0.5623819028653515,0.907724812630807
13.639759759759759,0.7144188043173053,0.5622604640808875,0.9077540758561004
13.689179179179177,0.714357590041777,0.5621446094660043,0.9077855730664199
13.738598598598598,0.7143007641231319,0.5620342978215787,0.9078192978693705
13.788018018018017,0.7142482989169691,0.5619294881379113,0.9078552438959752
13.837437437437437,0.7142001668668928,0.5618301395909856,0.9078934048003175
13.886856856856856,0.7141563405028654,0.5617362115387654,0.9079337742591804
13.936276276276274,0.714116792439572,0.5616476635175349,0.9079763459716796
13.985695695695695,0.7140814953747991,0.561564455238276,0.9080211136588935
14.035115115115113,0.714050422087824,0.5614865465830838,0.908068071063487
14.084534534534534,0.7140235454378195,0.5614138976016229,0.9081172119493329
14.133953953953952,0.7140008383622694,0.5613464685076202,0.9081685301011262
14.183373373373373,0.7139822738753966,0.5612842196753968,0.9082220193239953
14.232792792792791,0.7139678250666044,0.5612271116364369,0.9082776734431063
14.282212212212212,0.7139574650989288,0.5611751050759939,0.9083354863032639
14.33163163163163,0.7139511672075045,0.5611281608297348,0.9083954517685064
14.381051051051049,0.713948904698042,0.5610862398804208,0.9084575637216953
14.43047047047047,0.7139506509453157,0.5610493033546237,0.9085218160640985
14.479889889889888,0.713956379391667,0.5610173125194803,0.9085882027149712
14.529309309309308,0.7139660635455155,0.5609902287794821,0.9086567176111264
14.578728728728727,0.7139796769798848,0.5609680136733011,0.9087273547065038
14.628148148148147,0.7139971933309381,0.5609506288706501,0.9088001079717306
14.677567567567566,0.714018586296526,0.5609380361691811,0.9088749713936766
14.726986986986986,0.7140438296347462,0.560930197491416,0.9089519389750037
14.776406406406405,0.714072897162514,0.560927074881715,0.9090310047337099
14.825825825825824,0.7141057627541441,0.5609286305032771,0.909112162702664
14.875245245245244,0.7141424003399435,0.560934826635178,0.909195406929138
14.924664664664663,0.7141827839048169,0.5609456256694406,0.9092807314743298
14.974084084084083,0.7142268874868809,0.5609609901081402,0.9093681304128802
15.023503503503502,0.714274685176091,0.5609808825605446,0.9094575978323847
15.072922922922922,0.7143261511128788,0.5610052657402869,0.9095491278328948
15.12234234234234,0.7143812594868,0.5610341024625729,0.9096427145264168
15.171761761761761,0.714439984535194,0.5610673556414223,0.9097383520363997
15.22118118118118,0.7145023005418524,0.5611049882869423,0.9098360344972181
15.270600600600599,0.7145681818357006,0.5611469635026358,0.9099357560536464
15.320020020020019,0.7146376027894881,0.5611932444827422,0.9100375108603279
15.369439439439438,0.7147105378184899,0.561243794509611,0.9101412930812327
15.418858858858858,0.7147869613792185,0.5612985769511091,0.9102470968891112
15.468278278278277,0.7148668479681466,0.5613575552580601,0.9103549164649383
15.517697697697697,0.7149501721204391,0.5614206929617167,0.9104647459973497
15.567117117117116,0.7150369084086965,0.5614879536712661,0.9105765796820711
15.616536536536534,0.7151270314417082,0.5615593010713671,0.9106904117213378
15.665955955955955,0.7152205158632153,0.5616346989197197,0.9108062363233074
15.715375375375373,0.7153173363506845,0.5617141110446676,0.9109240477014641
15.764794794794794,0.7154174676140919,0.5617975013428331,0.9110438400740131
15.814214214214212,0.7155208843947158,0.5618848337767822,0.9111656076632683
15.863633633633633,0.715627561463941,0.5619760723727243,0.91128934469503
15.913053053053051,0.7157374736220716,0.5620711812182418,0.9114150453979544
15.962472472472472,0.7158505956971553,0.5621701244600538,0.9115427040029139
16.011891891891892,0.7159669025438153,0.5622728663018083,0.9116723147423493
16.06131131131131,0.716086369042094,0.5623793710019098,0.9118038718496108
16.11073073073073,0.7162089700963061,0.5624896028713765,0.9119373695582923
16.160150150150148,0.7163346806338994,0.5626035262717285,0.9120728021015538
16.209569569569567,0.7164634756043289,0.5627211056129109,0.9122101637114379
16.25898898898899,0.7165953299779363,0.5628423053512432,0.9123494486181717
16.308408408408408,0.7167302187448434,0.5629670899874067,0.9124906510494641
16.357827827827826,0.7168681169138506,0.5630954240644563,0.91263376522979
16.407247247247245,0.7170089995113491,0.5632272721658703,0.9127787853796662
16.456666666666663,0.7171528415802392,0.5633625989136264,0.9129257057149162
16.506086086086086,0.7172996181788601,0.5635013689663124,0.9130745204459262
16.555505505505504,0.717449304379929,0.563643547017267,0.9132252237768904
16.604924924924923,0.717601875269487,0.5637890977927512,0.9133778099050451
16.65434434434434,0.7177573059458588,0.5639379860501524,0.9135322730198943
16.703763763763764,0.7179155715186173,0.5640901765762187,0.9136886073024227
16.753183183183182,0.7180766471075607,0.5642456341853253,0.9138468069243001
16.8026026026026,0.7182405078416961,0.5644043237177705,0.9140068660470738
16.85202202202202,0.7184071288582359,0.5645662100381063,0.9141687788213511
16.90144144144144,0.7185764853015986,0.5647312580334948,0.9143325393859697
16.95086086086086,0.7187485523224237,0.5648994326121018,0.9144981418671596
17.00028028028028,0.7189233050765926,0.5650706987015178,0.9146655803776915
17.049699699699698,0.7191007187242585,0.5652450212472098,0.9148348490160149
17.099119119119116,0.7192807684288884,0.5654223652110075,0.9150059418653861
17.14853853853854,0.71946342935631,0.5656026955696177,0.9151788529929831
17.197957957957957,0.7196486766737719,0.5657859773131717,0.9153535764490116
17.247377377377376,0.7198364855490083,0.5659721754438012,0.9155301062657968
17.296796796796794,0.7200268311493176,0.5661612549742505,0.915708436456866
17.346216216216213,0.7202196886406461,0.5663531809265133,0.9158885610160188
17.395635635635635,0.7204150331866825,0.5665479183305064,0.9160704739163859
17.445055055055054,0.7206128399479615,0.5667454322227717,0.9162541691094757
17.494474474474472,0.7208130840809742,0.5669456876452081,0.9164396405242102
17.54389389389389,0.7210157407372917,0.5671486496438394,0.9166268820659483
17.593313313313313,0.7212207850626925,0.5673542832676077,0.9168158876154979
17.642732732732732,0.7214281921963033,0.5675625535672029,0.9170066510281158
17.69215215215215,0.7216379372697453,0.5677734255939186,0.917199166132496
17.74157157157157,0.7218499954062926,0.5679868643985451,0.9173934267297454
17.790990990990988,0.7220643417200352,0.5682028350302868,0.9175894265923487
17.84041041041041,0.7222809513150559,0.5684213025357164,0.9177871594631204
17.88982982982983,0.7224997992846132,0.568642231957759,0.9179866190541454
17.939249249249247,0.7227208607103308,0.5688655883347026,0.9181877990457062
17.988668668668666,0.72294411066140285,0.5690913366992494,0.9183906930852003
18.038088088088088,0.7231695241938007,0.5693194420775878,0.9185952947860442
18.087507507507507,0.7233970763494926,0.5695498694885035,0.9188015977265649
18.136926926926925,0.7236267421556715,0.5697825839425177,0.9190095954488798
18.186346346346344,0.7238584966239916,0.570017550441058,0.9192192814577661
18.235765765765763,0.7240923147498125,0.5702547339756588,0.9194306492195145
18.285185185185185,0.724328171511455,0.5704940995271968,0.9196436921607749
18.334604604604603,0.724566041869463,0.5707356120651524,0.9198584036673874
18.384024024024022,0.7248059007658748,0.5709792365469059,0.9200747770832018
18.43344344344344,0.7250477231235055,0.5712249379170641,0.9202928057088867
18.482862862862863,0.7252914838452343,0.5714726811068165,0.9205124828007234
18.53228228228228,0.725537157813305,0.5717224310333258,0.920733801569392
18.5817017017017,0.7257847198886312,0.5719741525991447,0.9209567551787419
18.63112112112112,0.7260341449101144,0.5722278106916691,0.9211813367445534
18.680540540540537,0.7262854076939664,0.5724833701826166,0.9214075393332852
18.72995995995996,0.726538483033046,0.5727407959275428,0.9216353559608121
18.779379379379378,0.7267933456961987,0.5730000527653799,0.9218647795911499
18.828798798798797,0.7270499704276107,0.5732611055180153,0.9220958031351696
18.878218218218215,0.727308331946168,0.5735239189898942,0.9223284194492994
18.927637637637638,0.7275684049448253,0.5737884579676552,0.9225626213342156
18.977057057057056,0.727830164089986,0.5740546872197979,0.9227984015335229
19.026476476476475,0.7280935840208873,0.574322571496379,0.9230357527324228
19.075895895895894,0.7283586393489978,0.574592075528741,0.9232746675563707
19.125315315315312,0.728625304657421,0.5748631640292684,0.9235151385697239
19.174734734734734,0.7288935545003117,0.5751358016911792,0.9237571582743762
19.224154154154153,0.729163363402295,0.57540995318834,0.9240007191083837
19.27357357357357,0.7294347058579022,0.5756855831751178,0.9242458134445799
19.32299299299299,0.7297075563310093,0.5759626562862599,0.9244924335891804
19.372412412412412,0.729981889254287,0.5762411371367994,0.9247405717803764
19.42183183183183,0.7302576790286609,0.576520990321999,0.9249902201869195
19.47125125125125,0.7305349000227772,0.576802180417316,0.9252413709066966
19.52067067067067,0.7308135265724823,0.5770846719784047,0.9254940159652942
19.570090090090087,0.7310935329803055,0.5773684295411411,0.9257481473145542
19.61950950950951,0.7313748935149579,0.5776534176216844,0.9260037568311206
19.668928928928928,0.7316575824108326,0.5779396007165609,0.9262608363149747
19.718348348348346,0.7319415738675207,0.5782269433027821,0.9265193774879663
19.767767767767765,0.7322268420493334,0.5785154098379907,0.9267793719923318
19.817187187187187,0.7325133610848317,0.5788049647606318,0.9270408113892061
19.866606606606606,0.732801105066369,0.5790955724901592,0.9273036871571262
19.916026026026024,0.7330900480496401,0.579387197427265,0.9275679906905268
19.965445445445443,0.7333801640532406,0.5796798039541394,0.9278337132982281
20.01486486486486,0.7336714270582341,0.579973356434759,0.9281008462019167
20.064284284284284,0.7339638110077323,0.580267819215204,0.9283693805346207
20.113703703703703,0.734257289806478,0.5805631566239984,0.9286393073391739
20.16312312312312,0.7345518373204447,0.5808593329724852,0.92891061756668
20.21254254254254,0.7348474273764405,0.5811563125552229,0.9291833020749658
20.26196196196196,0.7351440337617217,0.5814540596504112,0.9294573516270286
20.31138138138138,0.7354416302236197,0.5817525385203449,0.9297327568894829
20.3608008008008,0.7357401904691706,0.5820517134118908,0.930009508430996
20.410220220220218,0.7360396881647627,0.5823515485569968,0.9302875967207249
20.459639639639636,0.7363400969357836,0.5826520081732198,0.9305670121267421
20.50905905905906,0.7366413903662871,0.5829530564642874,0.9308477449144648
20.558478478478477,0.7369435419986593,0.5832546576206767,0.9311297852450737
20.607897897897896,0.7372465253333035,0.5835567758202274,0.9314131231739342
20.657317317317315,0.7375503138283287,0.5838593752287728,0.9316977486490117
20.706736736736733,0.737854880899248,0.5841624200007978,0.9319836515092838
20.756156156156155,0.7381601999186908,0.5844658742801242,0.9322708214831547
20.805575575575574,0.7384662442161185,0.5847697022006138,0.9325592481868629
20.854994994994993,0.7387729870775567,0.5850738678869037,0.9328489211228922
20.90441441441441,0.7390804017453294,0.5853783354551559,0.9331398296783795
20.953833833833833,0.7393884614178104,0.5856830690138385,0.9334319631235228
21.003253253253252,0.7396971392491785,0.5859880326645216,0.9337253106099921
21.05267267267267,0.7400064083491859,0.5862931905027036,0.9340198611693356
21.10209209209209,0.7403162417829354,0.5865985066186538,0.9343156037113943
21.151511511511508,0.7406266125706662,0.5869039450982769,0.9346125270227121
21.20093093093093,0.7409374936875527,0.587209470024005,0.9349106197649532
21.25035035035035,0.7412488580635076,0.5875150454756993,0.9352098704733175
21.299769769769767,0.741560678583003,0.5878206355315863,0.9355102675549651
21.349189189189186,0.7418729280848914,0.5881262042691986,0.9358117992874386
21.39860860860861,0.7421855793622473,0.5884317157663513,0.936114453817096
21.448028028028027,0.7424986051622087,0.5887371341021231,0.9364182191575428
21.497447447447446,0.7428119781858369,0.5890424233578666,0.9367230831880748
21.546866866866864,0.7431256710879806,0.5893475476182325,0.937029033652124
21.596286286286283,0.7434396564771529,0.5896524709722107,0.9373360581557115
21.645705705705705,0.7437539069154183,0.5899571575141933,0.9376441441659099
21.695125125125124,0.7440683949182874,0.5902615713450486,0.9379532790093107
21.744544544544542,0.7443830929546263,0.5905656765732183,0.9382634498705036
21.79396396396396,0.74469797344657,0.5908694373158234,0.9385746437905612
21.843383383383383,0.7450130088188398,0.5911728177610501,0.9388868476927292
21.8928028028028,0.7453281796562984,0.5914757922825986,0.9392000528812087
21.94222222222222,0.7456434838238537,0.5917783567177913,0.9395142601237657
21.99164164164164,0.7459589213779109,0.5920805096288395,0.9398294713874701
22.041061061061058,0.7462744923748966,0.5923822495834511,0.940145688634368
22.09048048048048,0.7465901968712636,0.5926835751548974,0.9404629138214212
22.1398998998999,0.7469060349234867,0.5929844849220709,0.9407811489004455
22.189319319319317,0.7472220065880661,0.5932849774695483,0.9411003958180519
22.238738738738736,0.7475381119215249,0.5935850513876507,0.9414206565155832
22.288158158158158,0.747854350980411,0.5938847052725048,0.9417419329290565
22.337577577577576,0.748170723821295,0.5941839377261019,0.9420642269891012
22.386996996996995,0.7484872305007724,0.5944827473563603,0.9423875406209002
22.436416416416414,0.7488038710754629,0.5947811327771845,0.9427118757441307
22.485835835835832,0.7491206456020084,0.5950790926085232,0.9430372342729022
22.535255255255255,0.7494375541370775,0.5953766254764331,0.9433636181157016
22.584674674674673,0.7497545967373601,0.5956737300131334,0.9436910291753299
22.634094094094092,0.750071773459572,0.5959704048570684,0.9440194693488473
22.68351351351351,0.7503890843604515,0.5962666486529639,0.9443489405275123
22.732932932932933,0.7507065294967622,0.5965624600518878,0.9446794445967246
22.78235235235235,0.751024108925291,0.5968578377113071,0.9450109834359676
22.83177177177177,0.7513418227028484,0.5971527802951451,0.9453435589187497
22.88119119119119,0.7516596708862711,0.5974472864738425,0.9456771729125494
22.930610610610607,0.7519776535324162,0.5977413549244088,0.9460118272787545
22.98003003003003,0.7522957706981688,0.598034984330487,0.9463475238726107
23.029449449449448,0.7526140224404351,0.5983281733824022,0.94668426454316
23.078868868868867,0.7529324088161465,0.5986209207772246,0.9470220511331878
23.128288288288285,0.7532509298822587,0.5989132252188222,0.9473608854791673
23.177707707707707,0.7535695856957509,0.5992050854179176,0.9477007694112024
23.227127127127126,0.753888376313627,0.5994965000921427,0.9480417047529747
23.276546546546545,0.7542073017929143,0.599787467966095,0.9483836933216869
23.325965965965963,0.7545263621906659,0.6000779877713924,0.9487267369280111
23.375385385385382,0.7548455575639562,0.6003680582467235,0.9490708373760315
23.424804804804804,0.7551648879698868,0.6006576781379093,0.9494159964631941
23.474224224224223,0.7554843534655807,0.6009468461979486,0.9497622159802508
23.52364364364364,0.7558039541081873,0.6012355611870772,0.9501094977112092
23.57306306306306,0.7561236899548788,0.6015238218728176,0.9504578434332782
23.62248248248248,0.7564435610628516,0.6018116270300325,0.9508072549168163
23.6719019019019,0.7567635674893283,0.6020989754409788,0.9511577339252817
23.72132132132132,0.7570837092915523,0.6023858658953528,0.9515092822151783
23.770740740740738,0.7574039865267944,0.6026722971903504,0.951861901536007
23.820160160160157,0.7577243992523472,0.6029582681307103,0.9522155936302149
23.86957957957958,0.75804494752553,0.6032437775287699,0.9525703602331451
23.918998998998998,0.7583656314036834,0.60352882420451,0.9529262030729861
23.968418418418416,0.758686450944175,0.6038134069856096,0.953283123870726
24.017837837837835,0.7590074062043946,0.6040975247074912,0.9536411243400994
24.067257257257253,0.7593284972417577,0.6043811762133708,0.9540002061875436
24.116676676676676,0.759649724113704,0.604664360354308,0.9543603711121472
24.166096096096094,0.7599710868776955,0.6049470759892475,0.9547216208056052
24.215515515515513,0.7602925855912226,0.6052293219850758,0.9550839569521721
24.26493493493493,0.7606142203117947,0.6055110972166575,0.9554473812286128
24.314354354354354,0.7609359910969505,0.6057924005668913,0.955811895304162
24.363773773773772,0.7612578980042496,0.6060732309267479,0.9561775008404725
24.41319319319319,0.7615799410912777,0.606353587195321,0.9565441994915765
24.46261261261261,0.7619021204156439,0.6066334682798682,0.9569119929038356
24.512032032032028,0.7622244360349824,0.6069128730958577,0.9572808827159022
24.56145145145145,0.7625468880069525,0.607191800567013,0.9576508705586723
24.61087087087087,0.7628694763892351,0.6074702496253506,0.9580219580552434
24.660290290290288,0.763192201239539,0.6077482192112306,0.9583941468208742
24.709709709709706,0.7635150626155943,0.608025708273392,0.9587674384629399
24.75912912912913,0.7638380605751585,0.6083027157690004,0.9591418345808945
24.808548548548547,0.7641611951760106,0.6085792406636833,0.9595173367662249
24.857967967967966,0.7644844664759558,0.6088552819315755,0.9598939466024162
24.907387387387384,0.7648078745328236,0.6091308385553568,0.9602716656649091
24.956806806806803,0.765131419404467,0.6094059095262918,0.9606504955210599
25.006226226226225,0.7654551011487661,0.6096804938442714,0.9610304377301068
25.055645645645644,0.7657789198236218,0.6099545905178457,0.961411493843124
25.105065065065062,0.7661028754869623,0.6102281985642679,0.9617936654029922
25.15448448448448,0.7664269681967382,0.6105013170095266,0.962176953944356
25.203903903903903,0.7667511980109273,0.610773944888388,0.9625613609935925
25.253323323323322,0.767075564987529,0.6110460812444258,0.9629468880687703
25.30274274274274,0.7674000691845694,0.611317725130062,0.9633335366796192
25.35216216216216,0.7677247106600975,0.611588875606598,0.9637213083274921
25.401581581581578,0.7680494894721878,0.6118595317442523,0.9641102045053329
25.451001001001,0.7683744056789409,0.6121296926221942,0.9645002266976443
25.50042042042042,0.7686994593384782,0.6123993573285709,0.9648913763804513
25.549839839839837,0.7690246505089491,0.6126685249605501,0.9652836550212719
25.599259259259256,0.7693499792485256,0.6129371946243428,0.9656770640790859
25.648678678678678,0.769675445615406,0.6132053654352416,0.9660716050043026
25.698098098098097,0.7700010496678114,0.6134730365176461,0.9664672792387297
25.747517517517515,0.770326791463988,0.6137402070050963,0.9668640882155451
25.796936936936934,0.770652671062208,0.6140068760403027,0.9672620333592691
25.846356356356353,0.7709786885207661,0.6142730427751708,0.9676611160857324
25.895775775775775,0.7713048438979853,0.6145387063708377,0.9680613378020517
25.945195195195193,0.7716311372522076,0.6148038659976875,0.9684626999065987
25.994614614614612,0.771957568641806,0.6150685208353924,0.9688652037889792
26.04403403403403,0.7722841381251718,0.6153326700729254,0.9692688508299993
26.093453453453453,0.7726108457607272,0.6155963129085988,0.969673642401649
26.14287287287287,0.7729376916069147,0.6158594485500792,0.9700795798670697
26.19229229229229,0.7732646757222035,0.6161220762144177,0.9704866645805351
26.24171171171171,0.7735917981650867,0.6163841951280716,0.9708948978874259
26.291131131131127,0.7739190589940828,0.616645804526928,0.9713042811242079
26.34055055055055,0.7742464582677346,0.6169069036563268,0.9717148156184086
26.389969969969968,0.774573996044609,0.6171674917710809,0.97212650268859635
26.439389389389387,0.774901672383301,0.6174275681355025,0.9725393436443629
26.488808808808805,0.7752294873424248,0.6176871320234136,0.9729533397862956
26.538228228228228,0.7755574409806252,0.617946182718179,0.9733684924059668
26.587647647647646,0.7758855333565675,0.6182047195127133,0.9737848027859082
26.637067067067065,0.7762137645289434,0.6184627417095072,0.9742022721995965
26.686486486486483,0.7765421345564701,0.6187202486206438,0.9746209019114348
26.735905905905902,0.7768706434978887,0.6189772395678138,0.9750406931767359
26.785325325325324,0.7771992914119653,0.6192337138823342,0.9754616472417059
26.834744744744743,0.7775280783574905,0.619489670905163,0.9758837653434285
26.88416416416416,0.7778570043932824,0.6197451099869173,0.9763070487098537
26.93358358358358,0.7781860695781787,0.6200000304878807,0.976731498559775
26.983003003003002,0.7785152739710482,0.6202544317780282,0.9771571161028278
27.03242242242242,0.7788446176307794,0.6205083132370274,0.9775839025394666
27.08184184184184,0.7791741006162888,0.6207616742542612,0.9780118590609574
27.13126126126126,0.7795037229865167,0.6210145142288336,0.9784409868493671
27.180680680680677,0.7798334848004282,0.6212668325695826,0.9788712870775494
27.2301001001001,0.7801633861170139,0.6215186286950918,0.9793027609091383
27.279519519519518,0.7804934269952887,0.6217699020336985,0.9797354094985355
27.328938938938936,0.7808236074942942,0.6220206520235062,0.9801692339909055
27.378358358358355,0.781153927673094,0.622270878112386,0.980604235522163
27.427777777777774,0.78148438759078,0.6225205797579948,0.9810404152189689
27.477197197197196,0.7818149873064657,0.6227697564277711,0.981477774198722
27.526616616616614,0.7821457268792927,0.6230184075989521,0.9819163135695546
27.576036036036033,0.7824766063684254,0.6232665327585708,0.9823560344303247
27.62545545545545,0.7828076258330546,0.6235141314034677,0.982796937870614
27.674874874874874,0.7831387853323956,0.623761203040291,0.9832390249707215
27.724294294294292,0.7834700849256877,0.6240077471855009,0.9836822968016619
27.77371371371371,0.7838015246721988,0.6242537633653779,0.9841267544251635
27.82313313313313,0.7841331046312163,0.6244992511160147,0.9845723988936621
27.87255255255255,0.7844648248620587,0.6247442099833308,0.9850192312503064
27.92197197197197,0.7847966854240656,0.6249886395230626,0.9854672525289514
27.97139139139139,0.7851286863766017,0.6252325393007687,0.9859164637541606
28.020810810810808,0.7854608277790595,0.625475908891832,0.9863668659412085
28.070230230230226,0.7857931096908537,0.6257187478814531,0.9868184600960785
28.11964964964965,0.7861255321714264,0.625961055864654,0.9872712472154684
28.169069069069067,0.7864580952802431,0.6262028324462713,0.9877252282867903
28.218488488488486,0.786790799076797,0.6264440772409594,0.9881804042881763
28.267907907907905,0.7871236436206024,0.6266847898731773,0.9886367761884801
28.317327327327323,0.7874566289712034,0.6269249699771968,0.9890943449472847
28.366746746746745,0.7877897551881653,0.627164617197085,0.9895531115149042
28.416166166166164,0.788123022331081,0.6274037311867091,0.9900130768323933
28.465585585585583,0.7884564304595678,0.6276423116097238,0.990474241831551
28.515005005005,0.7887899796332681,0.6278803581395673,0.9909366074349298
28.564424424424423,0.7891236699118501,0.6281178704594531,0.9914001745558437
28.613843843843842,0.7894575013550065,0.628354848262361,0.9918649440983756
28.66326326326326,0.789791474022457,0.6285912912510322,0.9923309169573882
28.71268268268268,0.7901255879739428,0.6288271991379517,0.9927980940185299
28.762102102102098,0.7904598432692358,0.6290625716453495,0.9932664761582528
28.81152152152152,0.7907942399681279,0.629297408505179,0.9937360642438154
28.86094094094094,0.7911287781304389,0.6295317094591123,0.9942068591333
28.910360360360357,0.7914634578160145,0.6297654742585276,0.9946788616756246
28.959779779779776,0.7917982790847237,0.6299987026644938,0.9951520727105525
29.009199199199198,0.7921332419964628,0.6302313944477604,0.9956264930687103
29.058618618618617,0.7924683466111517,0.6304635493887408,0.9961021235715992
29.108038038038035,0.7928035929887385,0.6306951672775027,0.9965789650316123
29.157457457457454,0.7931389811891912,0.6309262479137436,0.9970570182520457
29.206876876876873,0.7934745112725111,0.63115679110679,0.9975362840271228
29.256296296296295,0.7938101832987167,0.6313867966755631,0.998016763142001
29.305715715715714,0.7941459973278571,0.6316162644485773,0.9984984563727969
29.355135135135132,0.7944819534200054,0.6318451942639154,0.9989813644866009
29.40455455455455,0.7948180516352595,0.6320735859692106,0.9994654882414958
29.453973973973973,0.7951542920337437,0.6323014394216303,0.9999508283865767
29.50339339339339,0.7954906746756061,0.6325287544878542,1.0004373856619702
29.55281281281281,0.7958271996210244,0.6327555310440597,1.0009251607988572
29.60223223223223,0.7961638669301953,0.6329817689758915,1.001414154519487
29.651651651651648,0.7965006766633478,0.6332074681784535,1.0019043675372092
29.70107107107107,0.7968376288807302,0.6334326285562738,1.0023958005564841
29.75049049049049,0.7971747236426204,0.6336572500232948,1.0028884542729153
29.799909909909907,0.797511961009321,0.633881332502843,1.0033823293732667
29.849329329329326,0.7978493410411581,0.6341048759276058,1.0038774265354886
29.898748748748748,0.7981868637984865,0.6343278802396136,1.0043737464287426
29.948168168168166,0.7985245293416829,0.6345503453902076,1.0048712897134235
29.997587587587585,0.7988623377311543,0.6347722713400233,1.0053700570411899
30.047007007007004,0.7992002890273275,0.6349936580589551,1.0058700490549823
30.096426426426422,0.7995383832906615,0.6352145055261424,1.0063712663890603
30.145845845845844,0.7998766205816334,0.6354348137299296,1.006873709669016
30.195265265265263,0.8002150009607522,0.6356545826678508,1.007377379511816
30.24468468468468,0.8005535244885486,0.6358738123465957,1.0078822765258173
30.2941041041041,0.8008921912255819,0.6360925027819841,1.0083884013108053
30.343523523523523,0.8012310012324335,0.6363106539989352,1.0088957544580137
30.39294294294294,0.8015699545697128,0.6365282660314407,1.0094043365501622
30.44236236236236,0.8019090512980567,0.636745338922536,1.0099141481614853
30.49178178178178,0.8022482914781217,0.6369618727242643,1.0104251898577543
30.541201201201197,0.8025876751705978,0.637177867497656,1.0109374621963225
30.59062062062062,0.8029272024361933,0.6373933233126858,1.011450965726143
30.640040040040038,0.8032668733356476,0.6376082402482521,1.0119657009878114
30.689459459459457,0.8036066879297219,0.6378226183921367,1.01248166851359
30.738878878878875,0.8039466462792054,0.6380364578409774,1.012998868827448
30.788298298298294,0.8042867484449137,0.6382497587002348,1.0135173024450903
30.837717717717716,0.8046269944876853,0.6384625210841544,1.0140369698739917
30.887137137137135,0.8049673844683874,0.6386747451157392,1.0145578716134338
30.936556556556553,0.8053079184479103,0.6388864309267089,1.015080008154536
30.985975975975972,0.8056485964871736,0.6390975786574725,1.0156033799802968
31.035395395395394,0.8059894186471176,0.6393081884570838,1.01612798756562
31.084814814814813,0.8063303849887131,0.6395182604832156,1.0166538313773612
31.13423423423423,0.8066714955729541,0.6397277949021161,1.0171809118743578
31.18365365365365,0.8070127504608611,0.6399367918885775,1.0177092295074663
31.23307307307307,0.8073541497134809,0.6401452516258961,1.0182387847196044
31.28249249249249,0.8076956933918847,0.640353174305836,1.0187695779457808
31.33191191191191,0.8080373815571711,0.6405605601285915,1.0193016096131422
31.381331331331328,0.8083792142704642,0.6407674093027503,1.0198348801410055
31.430750750750747,0.8087211915929129,0.6409737220452519,1.0203693899408988
31.48017017017017,0.8090633135856948,0.6411794985813534,1.020905139416603
31.529589589589587,0.8094055803100082,0.6413847391445834,1.021442128964184
31.579009009009006,0.8097479918270849,0.6415894439767128,1.0219803589720466
31.628428428428425,0.8100905481981723,0.6417936133276998,1.0225198298209548
31.677847847847843,0.8104332494845534,0.641997247455667,1.0230605418840957
31.727267267267266,0.8107760957475328,0.6422003466268489,1.0236024955271024
31.776686686686684,0.8111190870484405,0.6424029111155531,1.024145691108103
31.826106106106103,0.8114622234486344,0.6426049412041224,1.0246901289777652
31.87552552552552,0.8118055050094967,0.6428064371828891,1.0252358094793308
31.924944944944944,0.8121489317924381,0.6430073993501375,1.0257827329486657
31.974364364364362,0.8124925038588902,0.6432078280120531,1.026330899714296
32.023783783783784,0.812836221270317,0.6434077234826935,1.026880310097458
32.0732032032032,0.8131800840882035,0.6436070860839309,1.027430964412136
32.12262262262262,0.813524092374062,0.6438059161454182,1.0279828629651084
32.17204204204204,0.8138682461894333,0.644004214004545,1.0285360060559936
32.22146146146146,0.8142125455958831,0.6442019800063907,1.0290903939772917
32.27088088088088,0.8145569906549986,0.6443992145036763,1.0296460270144265
32.320300300300296,0.8149015814283981,0.6445959178567301,1.030202905445798
32.36971971971972,0.8152463179777285,0.6447920904334415,1.0307610295428236
32.41913913913913,0.8155912003646542,0.6449877326092023,1.0313203995699791
32.468558558558556,0.8159362286508731,0.6451828447668808,1.0318810157848526
32.51797797797798,0.8162814028981026,0.645377427296759,1.0324428784381823
32.56739739739739,0.8166267231680956,0.6455714805965059,1.0330059877739135
32.616816816816815,0.8169721895226236,0.6457650050711127,1.0335703440292336
32.66623623623623,0.8173178020234839,0.6459580011328537,1.0341359474346228
32.71565565565565,0.8176635607325053,0.646150469201248,1.0347027982139059
32.765075075075075,0.8180094657115407,0.6463424097030015,1.0352708965842954
32.81449449449449,0.818355517022466,0.6465338230719632,1.035840242756434
32.86391391391391,0.8187017147271831,0.6467247097490771,1.0364108369344494
32.91333333333333,0.8190480588876283,0.6469150701823472,1.036982679316005
32.96275275275275,0.8193945495657551,0.6471049048267695,1.037555770092336
33.01217217217217,0.8197411868235447,0.6472942141442958,1.0381301094483066
33.061591591591586,0.8200879707230097,0.6474829986037919,1.0387056975624582
33.11101101101101,0.8204349013261859,0.6476712586809776,1.0392825346070556
33.16043043043043,0.8207819786951315,0.6478589948583797,1.0398606207481316
33.209849849849846,0.8211292028919358,0.6480462076252931,1.0404399561455437
33.25926926926927,0.8214765739787145,0.6482328974777248,1.0410205409530227
33.30868868868868,0.821824092017606,0.6484190649183446,1.0416023753182133
33.358108108108105,0.8221717570707796,0.6486047104564422,1.042185459382735
33.40752752752753,0.822519569200423,0.648789834607867,1.0427697932822173
33.45694694694694,0.8228675284687618,0.6489744378949972,1.0433553771463704
33.506366366366365,0.8232156349380391,0.6491585208466717,1.0439422110990122
33.55578578578578,0.8235638886705245,0.6493420839981485,1.044530295258131
33.6052052052052,0.8239122897285202,0.6495251278910608,1.0451196297359375
33.654624624624624,0.8242608381743506,0.6497076530733585,1.045710214638908
33.70404404404404,0.8246095340703649,0.6498896600992602,1.0463020500678348
33.75346346346346,0.8249583774789382,0.6500711495292039,1.0468951361178793
33.80288288288288,0.8253073684624804,0.6502521219298072,1.04748947287863
33.8523023023023,0.8256565070834173,0.6504325778737969,1.0480850604341356
33.90172172172172,0.8260057934042062,0.6506125179399758,1.0486818988629705
33.951141141141136,0.826355227487331,0.6507919427131659,1.0492799882382808
34.00056056056056,0.8267048093953019,0.6509708527841598,1.0498793286278343
34.04997997997998,0.8270545391906539,0.6511492487496673,1.0504799200940707
34.099399399399395,0.8274044169359469,0.6513271312122652,1.0510817626941542
34.14881881881882,0.827754442693775,0.6515045007803567,1.0516848564800283
34.19823823823823,0.8281046165267489,0.6516813580681029,1.0522892014984568
34.247657657657655,0.828454938497515,0.6518577036953911,1.0528947977910872
34.29707707707708,0.828805408668734,0.6520335382877628,1.0535016453944868
34.34649649649649,0.8291560271031094,0.652208862476392,1.0541097443402156
34.395915915915914,0.8295067938633572,0.6523836768980031,1.0547190946548533
34.44533533533533,0.8298577090122253,0.6525579821948407,1.0553296963600671
34.49475475475475,0.8302087726124914,0.6527317790146154,1.055941549472661
34.544174174174174,0.8305599847269561,0.6529050680104471,1.0565546540046211
34.59359359359359,0.8309113454184442,0.6530778498408161,1.0571690099631668
34.64301301301301,0.8312628547498093,0.6532501251695138,1.0577846173508094
34.692432432432426,0.8316145127839368,0.6534218946655993,1.0584014761654028
34.74185185185185,0.8319663195837295,0.6535931590033297,1.0590195864001843
34.79127127127127,0.8323182752121226,0.6537639188621274,1.0596389480438395
34.840690690690685,0.832670379732078,0.653934174926523,1.0602595610805443
34.89011011011011,0.8330226332065839,0.6541039278861018,1.060881425490023
34.93952952952953,0.8333750356986501,0.6542731784354516,1.0615045412475896
34.988948948948945,0.8337275872713185,0.6544419272741206,1.0621289083242103
35.03836836836837,0.834080287987659,0.6546101751065625,1.0627545266865528
35.08778778778778,0.8344331379107631,0.65477792264208,1.0633813962970282
35.137207207207204,0.8347861371037522,0.6549451705947814,1.0640095171138546
35.18662662662663,0.8351392856297697,0.655111919683524,1.0646388890910956
35.23604604604604,0.8354925835519963,0.6552781706318763,1.0652695121787301
35.285465465465464,0.8358460309336277,0.6554439241680478,1.065901386322679
35.33488488488488,0.8361996278378918,0.6556091810248531,1.0665345114648757
35.3843043043043,0.8365533743280444,0.6557739419396594,1.0671688875433094
35.43372372372372,0.8369072704673685,0.6559382076543339,1.0678045144920798
35.48314314314314,0.837261316319169,0.6561019789151897,1.0684413922414373
35.53256256256256,0.8376155119467766,0.6562652564729378,1.0690795207178432
35.581981981981976,0.8379698574135593,0.6564280410826494,1.0697188998440263
35.6314014014014,0.8383243527829028,0.6565903335036857,1.0703595295390194
35.68082082082082,0.8386789981182176,0.656752134499657,1.0710014097182117
35.730240240240235,0.839033793482953,0.6569134448383839,1.0716445402934167
35.77965965965966,0.8393887389405748,0.6570742652918267,1.0722889211728996
35.82907907907908,0.8397438345545755,0.6572345966360466,1.0729345522614362
35.878498498498494,0.8400990803884777,0.6573944396511575,1.0735814334603693
35.92791791791792,0.8404544765058353,0.6575537951212805,1.074229564667655
35.97733733733733,0.8408100229702212,0.6577126638344797,1.0748789457779064
36.026756756756754,0.8411657198452384,0.6578710465827249,1.0755295766824493
36.076176176176176,0.8415215671945128,0.6580289441618358,1.0761814572693693
36.12559559559559,0.8418775650817089,0.6581863573714479,1.076834587423572
36.17501501501501,0.8422337135705049,0.6583432870149398,1.0774889670268117
36.22443443443443,0.8425900127246133,0.6584997338994034,1.0781445959577587
36.27385385385385,0.8429464626077711,0.6586556988355872,1.0788014740920404
36.32327327327327,0.8433030632837438,0.6588111826378495,1.0794596013022941
36.37269269269269,0.8436598148163237,0.658966186124111,1.0801189774582134
36.42211211211211,0.8440167172693236,0.6591207101157994,1.0807796024265899
36.471531531531525,0.8443737707065959,0.659274755437819,1.081441476071383
36.52095095095095,0.84473097519201,0.6594283229184813,1.0821045982537454
36.57037037037037,0.8450883307894633,0.6595814133894689,1.0827689688320803
36.619789789789785,0.8454458375628876,0.6597340276857919,1.0834345876621
36.66920920920921,0.8458034955762335,0.6598861666457291,1.0841014545968521
36.71862862862862,0.8461613048934817,0.6600378311107866,1.0847695694867858
36.768048048048044,0.8465192655786389,0.6601890219256505,1.0854389321797902
36.817467467467466,0.8468773776957416,0.6603397399381417,1.086109542521249
36.86688688688688,0.847235641308853,0.660489985999168,1.0867814003540814
36.9163063063063,0.8475940564820595,0.6606397609626712,1.0874545055187892
36.965725725725726,0.8479526232794736,0.6607890656855855,1.088128857853505
37.01514514514514,0.8483113417652486,0.6609379010278055,1.0888044571940527
37.06456456456456,0.8486702120035462,0.6610862678521068,1.0894813033739659
37.11398398398398,0.8490292340585652,0.6612341670241311,1.090159396224556
37.1634034034034,0.8493884079945339,0.6613815994123285,1.0908387355749594
37.21282282282282,0.8497477338757028,0.6615285658879099,1.091519321252169
37.26224224224224,0.8501072117663507,0.6616750673248035,1.0922011530810913
37.31166166166166,0.8504668417307789,0.6618211045996061,1.0928842308845832
37.361081081081075,0.8508266238333284,0.6619666785915543,1.0935685544835159
37.4105005005005,0.8511865581383563,0.6621117901824566,1.0942541236967969
37.45991991991992,0.8515466447102521,0.662256440256664,1.0949409383414324
37.509339339339334,0.8519068836134244,0.6624006297010144,1.0956289982325558
37.558758758758756,0.8522672749123249,0.6625443594048102,1.0963183031834998
37.60817817817817,0.8526278186714186,0.6626876302597459,1.0970088530058089
37.657597597597594,0.8529885149552003,0.6628304431598803,1.0977006475093019
37.707017017017016,0.8533493638281985,0.6629727990015957,1.098393686502119
37.75643643643643,0.8537103653549638,0.663114698683545,1.0990879697907552
37.80585585585585,0.8540715196000742,0.663256143106613,1.0997834971801066
37.855275275275275,0.8544328266281301,0.6633971331738684,1.1004802684735113
37.90469469469469,0.8547942865037751,0.6635376697905399,1.1011782834728143
37.95411411411411,0.855155899291664,0.6636777538639458,1.1018775419783764
38.00353353353353,0.8555176650564844,0.6638173863034691,1.1025780437891406
38.05295295295295,0.855879583862955,0.6639565680205166,1.1032797887026693
38.10237237237237,0.8562416557758185,0.6640952999284684,1.1039827765151853
38.15179179179179,0.8566038808598423,0.6642335829426379,1.1046870070216097
38.20121121121121,0.856966259179822,0.6643714179802332,1.1053924800156107
38.250630630630624,0.8573287908005889,0.6645088059603226,1.1060991952896513
38.30005005005005,0.857691475786995,0.664645747803781,1.1068071526350154
38.34946946946947,0.8580543142039156,0.6647822444332498,1.1075163518418532
38.398888888888884,0.8584173061162578,0.6649182967731061,1.1082267926992282
38.448308308308306,0.8587804515889617,0.6650539057494212,1.1089384749951643
38.49772772772772,0.8591437506869886,0.665189072289912,1.1096513985166687
38.54714714714714,0.8595072034753218,0.665323797323901,1.1103655630497757
38.596566566566565,0.8598708100189846,0.6654580817822927,1.111080968379606
38.64598598598598,0.8602345703830251,0.6655919265975209,1.1117976142903896
38.6954054054054,0.8605984846325067,0.6657253327035008,1.1125155005654963
38.744824824824825,0.8609625528325294,0.6658583010356103,1.1132346269874969
38.79424424424424,0.8613267750482292,0.6659908325306495,1.1139549933382011
38.84366366366366,0.8616911513447587,0.666122928126785,1.1146765993986798
38.89308308308308,0.8620556817872919,0.6662545887635171,1.1153994449493023
38.9425025025025,0.8624203664410477,0.6663858153816615,1.1161235297698069
38.99192192192192,0.8627852053712615,0.666516608923289,1.1168488536393015
39.04134134134134,0.8631501986431984,0.6666469703316955,1.1175754163363227
39.09076076076076,0.8635153463221492,0.6667769005513647,1.1183032176388659
39.140180180180174,0.8638806484734368,0.6669064005279368,1.1190322573244273
39.189599599599596,0.8642461051624095,0.6670354712081626,1.1197625351700402
39.23901901901902,0.8646117164544406,0.66716411353987215,1.1204940509523036
39.28843843843843,0.8649774824149344,0.667292328471938,1.1212268044474336
39.337857857857855,0.8653434031093236,0.6674201169542415,1.1219607954312898
39.38727727727727,0.8657094786030657,0.6675474799376303,1.1226960236794155
39.43669669669669,0.8660757089616431,0.667674418373887,1.1234324889670642
39.486116116116115,0.86644209425058,0.6678009332157052,1.1241701910692623
39.53553553553553,0.8668086345354106,0.6679270254166293,1.1249091297608043
39.58495495495495,0.8671753298817064,0.6680526959310406,1.1256493048163232
39.634374374374374,0.8675421803550631,0.6681779457141148,1.1263907160103055
39.68379379379379,0.8679091860211073,0.668302775721792,1.1271333631171367
39.73321321321321,0.8682763469454908,0.6684271869107375,1.1278772459111293
39.78263263263263,0.8686436631938927,0.6685511802383112,1.1286223641665576
39.83205205205205,0.8690111348320294,0.6686747566625407,1.1293687176577052
39.88147147147147,0.8693787619256305,0.6687979171420699,1.13011630615887
39.930890890890886,0.8697465445404587,0.6689206626361415,1.1308651294444214
39.98031031031031,0.8701144827423092,0.6690429941045635,1.1316151872888316
40.02972972972972,0.8704825765969997,0.6691649125076699,1.1323664794666986
40.079149149149146,0.8708508261703783,0.6692864188062936,1.1331190057527867
40.12856856856857,0.871219231528321,0.6694075139617326,1.1338727659220578
40.17798798798798,0.8715877927367285,0.6695281989357179,1.1346277597496959
40.227407407407405,0.8719565098615373,0.6696484746903875,1.1353839870111586
40.27682682682682,0.8723253829687005,0.6697683421882423,1.1361414474821805
40.32624624624624,0.8726944121242053,0.6698878023921274,1.1369001409388293
40.375665665665665,0.8730635973940746,0.6700068562652054,1.1376600671575354
40.42508508508508,0.873432938844343,0.6701255047709043,1.1384212259150968
40.4745045045045,0.8738024365410828,0.6702437488729085,1.1391836169887408
40.52392392392392,0.8741720905503917,0.6703615895351205,1.1399472401561377
40.57334334334334,0.8745419009383995,0.6704790277216339,1.1407120951954441
40.62276276276276,0.8749118677712593,0.6705960643967016,1.1414781818853135
40.672182182182176,0.8752819911151486,0.6707127005247009,1.1422455000049376
40.7216016016016,0.8756522710362891,0.6708289370701275,1.143014049334091
40.77102102102102,0.8760227076009109,0.6709447749975317,1.1437838296531249
40.820440440440436,0.8763933008752834,0.67106021527152,1.1445548407430257
40.86985985985986,0.8767640509256982,0.6711752588567094,1.1453270823854296
40.91927927927927,0.8771349578184825,0.6712899067177137,1.1461005543626615
40.968698698698695,0.8775060216199819,0.671404159819098,1.14687525645775
41.01811811811812,0.8778772423965797,0.6715180191253702,1.147651188454471
41.06753753753753,0.8782486202146809,0.6716314856009389,1.1484283501373607
41.116956956956955,0.8786201551407212,0.671744560210096,1.1492067412917513
41.16637637637637,0.8789918472411625,0.6718572439169833,1.1499863617037958
41.21579579579579,0.87936369658249125,0.6719695376855661,1.1507672111604919
41.265215215215214,0.8797357032312401,0.6720814424796262,1.151549289449732
41.31463463463463,0.8801078672539445,0.672192959262698,1.152332596360283
41.36405405405405,0.8804801887171864,0.6723040889980805,1.1531171316818594
41.413473473473466,0.8808526676875645,0.6724148326487853,1.1539028952051191
41.46289289289289,0.8812253042317147,0.6725251911775315,1.154689886721707
41.51231231231231,0.8815980984162943,0.6726351655467029,1.155478106024271
41.561731731731726,0.8819710503079919,0.6727447567183371,1.1562675529064883
41.61115115115115,0.8823441599735303,0.6728539656540985,1.1570582271631034
41.66057057057057,0.8827174274796458,0.6729627933152402,1.1578501285899214
41.709989989989985,0.8830908528931143,0.6730712406625994,1.1586432569838694
41.75940940940941,0.8834644362807379,0.6731793086565634,1.1594376121430008
41.80882882882882,0.883838177709346,0.6732869982570485,1.16023319386652
41.858248248248245,0.884212077245797,0.6733943104234748,1.1610300019548134
41.90766766766767,0.8845861349569755,0.673501246114743,1.1618280362094664
41.95708708708708,0.884960350909796,0.6736078062892148,1.16262729643329
42.006506506506504,0.8853347251712005,0.6737139919046873,1.163427782430344
42.05592592592592,0.8857092578081623,0.6738198039183744,1.1642294940059623
42.10534534534534,0.8860839488876753,0.673925243286876,1.1650324309667632
42.154764764764764,0.8864587984767788,0.6740303109661746,1.1658365931207049
42.20418418418418,0.8868338066425167,0.6741350079115843,1.1666419802770518
42.2536036036036,0.8872089734519797,0.6742393350777579,1.1674485922464568
42.303023023023016,0.8875842989722775,0.6743432934186504,1.168256428840938
42.35244244244244,0.8879597832705511,0.6744468838875007,1.1690654898739263
42.40186186186186,0.8883354264139736,0.6745501074368154,1.1698757751602824
42.451281281281275,0.8887112284697383,0.6746529650183393,1.170687284516302
42.5007007007007,0.8890871895050765,0.674755457583047,1.1715000177597616
42.55012012012012,0.8894633095872436,0.6748575860811141,1.1723139747099196
42.599539539539535,0.8898395887835174,0.6749593514618926,1.1731291551875391
42.64895895895896,0.8902160271612106,0.6750607546739051,1.173945559014917
42.69837837837837,0.8905926247876652,0.6751617966648176,1.174763186015904
42.747797797797794,0.8909693817302509,0.6752624783814228,1.1755820360159144
42.79721721721722,0.8913462980563623,0.675362800769615,1.1764021088419512
42.84663663663663,0.8917233738334269,0.6754627647743797,1.177223404322628
42.896056056056054,0.892100609128901,0.6755623713397712,1.1780459222881883
42.94547547547547,0.8924780040102612,0.6756616214088879,1.1788696625705108
42.99489489489489,0.8928555585450224,0.6757605159238691,1.1796946250031501
43.04431431431431,0.8932332728007301,0.6758590558258695,1.1805208094213482
43.09373373373373,0.893611146844945,0.6759572420550302,1.1813482156620316
43.14315315315315,0.8939891807452662,0.6760550755504794,1.1821768435638595
43.192572572572566,0.8943673745693186,0.6761525572503048,1.1830066929672258
43.24199199199199,0.8947457283847601,0.676249688091544,1.1838377637142832
43.29141141141141,0.8951242422592679,0.6763464690101546,1.1846700556489471
43.340830830830825,0.8955029162605544,0.6764429009410101,1.1855035686169324
43.39025025025025,0.8958817504563684,0.6765389848178878,1.1863383024657679
43.43966966966966,0.8962607449144671,0.6766347215734244,1.1871742570447854
43.489089089089084,0.8966398997026568,0.6767301121391397,1.1880114322051785
43.53850850850851,0.8970192148887587,0.6768251574453867,1.1888498277999842
43.58792792792792,0.8973986905406304,0.6769198584213578,1.1896894436841194
43.637347347347344,0.8977783267261498,0.6770142159950531,1.1905302797143846
43.686766766766766,0.8981581235132361,0.6771082310932859,1.1913723357494959
43.73618618618618,0.8985380809698263,0.6772019046416454,1.1922156116500797
43.7856056056056,0.898918199163891,0.677295237564495,1.193060107278706
43.83502502502502,0.899298478163431,0.6773882307849577,1.193905822499894
43.88444444444444,0.8996789180364672,0.677480885224889,1.1947527571801253
43.93386386386386,0.9000595188510667,0.6775732018048894,1.1956009111878778
43.98328328328328,0.9004402806753057,0.6776651814442554,1.1964502843936051
44.0327027027027,0.9008212035772991,0.6777568250609909,1.1973008766697841
44.082122122122115,0.9012022876251893,0.6778481335717862,1.1981526878909132
44.13154154154154,0.901583532887148,0.677939107892004,1.199005717933533
44.18096096096096,0.9019649394313771,0.6780297489356685,1.199859966676236
44.230380380380375,0.9023465073261017,0.6781200576154448,1.2007154339996764
44.2797997997998,0.9027282366395886,0.6782100348426422,1.2015721197866054
44.32921921921921,0.9031101274401113,0.6782996815271731,1.2024300239218384
44.378638638638634,0.9034921797959946,0.6783889985775762,1.2032891462923265
44.428058058058056,0.9038743937755807,0.6784779869009762,1.204149486787127
44.47747747747747,0.9042567694472415,0.6785666474030834,1.2050110452974294
44.52689689689689,0.9046393068793831,0.6786549809881821,1.205873821716578
44.576316316316316,0.9050220061404303,0.6787429885591095,1.2067378159400601
44.62573573573573,0.9054048672988516,0.6788306710172629,1.207603027865552
44.67515515515515,0.9057878904231288,0.678918029262564,1.2084694573928916
44.72457457457457,0.9061710755817837,0.6790050641934673,1.2093371044241277
44.77399399399399,0.9065544228433596,0.6790917767069371,1.2102059688635036
44.82341341341341,0.9069379322764443,0.6791781676984513,1.2110760506175025
44.87283283283283,0.9073216039496291,0.679264238061964,1.2119473495947988
44.92225225225225,0.9077054379315562,0.6793499886899242,1.2128198657063411
44.971671671671665,0.9080894342908853,0.6794354204732459,1.2136935988653117
45.02109109109109,0.9084735930963077,0.6795205343013053,1.2145685489871592
45.07051051051051,0.9088579144165468,0.6796053310619314,1.2154447159896113
45.119929929929924,0.9092423983203504,0.6796898116413935,1.2163220997926678
45.169349349349346,0.909627044876508,0.6797739769243987,1.2172007003186451
45.21876876876876,0.9100118541538157,0.6798578277940597,1.2180805174921328
45.268188188188184,0.9103968262211154,0.679941365131914,1.2189615512400567
45.317607607607606,0.910781961147276,0.6800245898179011,1.2198438014916644
45.36702702702702,0.9111672590011937,0.6801075027303526,1.2207272681785344
45.41644644644644,0.9115527198517887,0.6801901047459804,1.2216119512345844
45.465865865865865,0.9119383437680183,0.6802723967398784,1.2224978505960964
45.51528528528528,0.9123241308188673,0.6803543795855067,1.2233849662017118
45.5647047047047,0.9127100810733471,0.6804360541546821,1.224273297992441
45.61412412412412,0.9130961946004965,0.6805174213175711,1.225162845911672
45.66354354354354,0.9134824714693905,0.680598481942686,1.226053609905195
45.71296296296296,0.9138689117491322,0.6806792368968733,1.2269455899211954
45.76238238238238,0.9142555155088418,0.6807596870452958,1.2278387859102504
45.8118018018018,0.9146422828176853,0.6808398332514481,1.2287331978253746
45.861221221221214,0.915029213744849,0.6809196763771278,1.2296288256219952
45.910640640640636,0.9154163083595492,0.6809992172824357,1.2305256692579734
45.96006006006006,0.9158035667310315,0.6810784568257701,1.231423728693609
46.009479479479474,0.916190988928572,0.6811573958638165,1.2323230038916537
46.058898898898896,0.9165785750214805,0.6812360352515481,1.233223494817318
46.10831831831831,0.9169663250790863,0.6813143758422024,1.234125201438266
46.15773773773773,0.9173542391707545,0.6813924184872915,1.2350281237246392
46.207157157157155,0.917742317365878,0.6814701640365863,1.235932261649057
46.25657657657657,0.9181305597338798,0.6815476133381139,1.2368376151866232
46.30599599599599,0.9185189663442097,0.6816247672381472,1.2377441843149313
46.355415415415415,0.9189075372663492,0.6817016265812026,1.238651969014079
46.40483483483483,0.91929627256981306,0.6817781922100361,1.2395609692666725
46.45425425425425,0.9196851723241398,0.681854464965627,1.2404711850578283
46.50367367367367,0.9200742365988961,0.6819304456871821,1.2413826163751722
46.55309309309309,0.9204634654636752,0.6820061352121198,1.2422952632088609
46.60251251251251,0.9208528589881249,0.682081534376093,1.2432091255516104
46.65193193193193,0.9212424172418847,0.682156644012933,1.2441242033986268
46.70135135135135,0.9216321402946448,0.6822314649546872,1.2450404967476896
46.750770770770764,0.922022028216129,0.6823059980316056,1.2459580055991313
46.800190190190186,0.9224120810760774,0.682380244072118,1.2468767299558248
46.84960960960961,0.922802298944266,0.682454203902846,1.247796669823212
46.89902902902902,0.9231926818904961,0.6825278783485903,1.248717825209296
46.948448448448445,0.9235832299846182,0.6826012682323426,1.2496401961246806
46.99786786786786,0.9239739432964825,0.6826743743752461,1.2505637825825027
47.04728728728728,0.9243648218959861,0.682747197596624,1.2514885845985102
47.096706706706705,0.9247558658530526,0.6828197387139605,1.2524146021910316
47.14612612612612,0.9251470752376341,0.6828919985428987,1.2533418353809893
47.19554554554554,0.9255384501197153,0.6829639778972398,1.2542702841919047
47.24496496496496,0.9259299905693031,0.6830356775889307,1.2551999486498917
47.29438438438438,0.9263216966564504,0.6831070984280756,1.2561308287836965
47.3438038038038,0.9267135684512201,0.6831782412229107,1.2570629246246463
47.39322322322322,0.9271056060237126,0.6832491067798151,1.2579962362066979
47.44264264264264,0.9274978094440577,0.683319695903306,1.2589307635664237
47.49206206206206,0.9278901787824244,0.683390009396039,1.2598665067430381
47.541481481481476,0.9282827141089979,0.6834600480587898,1.260803465778361
47.5909009009009,0.9286754154939956,0.6835298126904612,1.2617416407168525
47.64032032032031,0.9290682830076662,0.6835993040880811,1.2626810316056065
47.689739739739736,0.9294613167202954,0.6836685230468025,1.2636216384943681
47.73915915915916,0.9298545167021856,0.6837374703598849,1.2645634614355092
47.78857857857857,0.9302478830236738,0.6838061468187063,1.2655065004840547
47.837997997997995,0.9306414157551425,0.6838745532127672,1.2664507556976998
47.88741741741741,0.9310351149669761,0.6839426903296562,1.2673962271367583
47.93683683683683,0.9314289807296062,0.6840105589550811,1.2683429148642218
47.986256256256254,0.9318230131134843,0.6840781598728466,1.2692908189457286
48.03567567567567,0.9322172121891144,0.6841454938648739,1.2702399394496147
48.08509509509509,0.9326115780270026,0.6842125617111647,1.2711902764468397
48.13451451451451,0.9330061106976922,0.6842793641898213,1.2721418300110463
48.18393393393393,0.9334008102717738,0.6843459020770554,1.2730946002185677
48.23335335335335,0.9337956768198421,0.6844121761471511,1.2740485871483815
48.282772772772766,0.9341907104125354,0.6844781871724954,1.275003790882156
48.33219219219219,0.93458591112052,0.6845439359235601,1.2759602115042425
48.38161161161161,0.9349812790145082,0.6846094231689198,1.27691784910169
48.431031031031026,0.9353768141652056,0.6846746496752057,1.2778767037641843
48.48045045045045,0.9357725166433776,0.6847396162071565,1.278836775584138
48.52986986986986,0.9361683865198077,0.6848043235275846,1.2797980646566367
48.579289289289285,0.9365644238653192,0.6848687723973905,1.2807605710794698
48.62870870870871,0.9369606287507493,0.6849329635755453,1.2817242949530945
48.67812812812812,0.9373570012469726,0.6849968978191026,1.2826892363806768
48.727547547547545,0.9377535414249134,0.6850605758832095,1.2836553954681016
48.77696696696696,0.9381502493554886,0.685123998521062,1.284622772323905
48.82638638638638,0.9385471251096725,0.6851871664839528,1.2855913670593557
48.875805805805804,0.9389441687584543,0.6852500805212396,1.2865611797884038
48.92522522522522,0.9393413803728758,0.6853127413803688,1.2875322106277356
48.97464464464464,0.9397387600239783,0.6853751498068401,1.2885044596966955
49.024064064064056,0.9401363077828504,0.6854373065442384,1.2894779271173593
49.07348348348348,0.9405340237206193,0.685499212334227,1.29045261301452
49.1229029029029,0.9409319079084202,0.6855608679165254,1.2914285175156486
49.172322322322316,0.9413299604174317,0.685622274028935,1.2924056407509414
49.22174174174174,0.9417281813188605,0.6856834314073271,1.2933839828533034
49.27116116116116,0.9421265706839502,0.6857443407856483,1.294363543958359
49.320580580580575,0.942525128583959,0.6858050028959051,1.2953443242044227
49.37,0.9429238550901874,0.685865418468185,1.2963263237325375
